{"cameraMode":{"drawMode":0,"name":"Shaded","section":"Shading Mode"},"sceneLighting":false,"audioPlay":false,"sceneViewState":{"m_AlwaysRefresh":false,"showFog":true,"showSkybox":false,"showFlares":true,"showImageEffects":true,"showParticleSystems":true,"showVisualEffectGraphs":true,"m_FxEnabled":true},"in2DMode":false,"pivot":{"x":-0.018138885498046876,"y":-24.11728286743164,"z":0.12279319763183594},"rotation":{"x":-0.2920849323272705,"y":0.11924286931753159,"z":-0.036732520908117297,"w":-0.948226273059845},"size":30.388463973999025,"orthographic":false}