{"cameraMode":{"drawMode":0,"name":"Shaded","section":"Shading Mode"},"sceneLighting":false,"audioPlay":false,"sceneViewState":{"m_AlwaysRefresh":false,"showFog":true,"showSkybox":false,"showFlares":true,"showImageEffects":true,"showParticleSystems":true,"showVisualEffectGraphs":true,"m_FxEnabled":true},"in2DMode":false,"pivot":{"x":0.0000015497207641601563,"y":-0.000010132789611816406,"z":-6.556510925292969e-7},"rotation":{"x":-0.2920849323272705,"y":0.11924286931753159,"z":-0.036732520908117297,"w":-0.948226273059845},"size":0.6249526739120483,"orthographic":false}